[{"model": "accounts.user", "pk": 11, "fields": {"password": "pbkdf2_sha256$216000$noS4YovRcp70$t8Z0CBfMRQuHAe9RXJj3wFU11kMYrPQgjSiBCO/9OpA=", "last_login": "2020-11-08T20:48:27.984Z", "is_superuser": true, "username": "superadmin", "first_name": "fdfg", "last_name": "gcgvnvn", "email": "superadmin@gmail.com", "is_staff": true, "is_active": true, "date_joined": "2020-10-18T19:07:50.703Z", "image": "default.jpg", "interests": null, "birth_date": null, "rating": 53, "groups": [], "user_permissions": []}}, {"model": "accounts.user", "pk": 12, "fields": {"password": "pbkdf2_sha256$216000$B3sQLH7NoG5k$SwM1H4bipQL4yLJfoUpjYYVx2eINcHpAC+WYvIyIKtE=", "last_login": "2020-10-19T21:11:45.687Z", "is_superuser": true, "username": "admin100", "first_name": "bill", "last_name": "sdf", "email": "rk@mail.ru", "is_staff": true, "is_active": true, "date_joined": "2020-10-19T21:00:45.881Z", "image": "pics/2.jpg", "interests": null, "birth_date": null, "rating": 10, "groups": [], "user_permissions": []}}, {"model": "accounts.user", "pk": 13, "fields": {"password": "pbkdf2_sha256$216000$39Z1FUig6M2g$V1uMKRlJcvDaXxKlSZ8Ab027OzHwUBcdimSW2w9L3sg=", "last_login": "2020-11-13T22:50:21.102Z", "is_superuser": false, "username": "admin500", "first_name": "sdfsf", "last_name": "sdfsddf", "email": "rk@mail.ru", "is_staff": false, "is_active": true, "date_joined": "2020-10-23T14:42:30.789Z", "image": "default.jpg", "interests": null, "birth_date": null, "rating": 92, "groups": [], "user_permissions": []}}, {"model": "accounts.user", "pk": 14, "fields": {"password": "pbkdf2_sha256$216000$0mM41iZgIfyn$GK6RZ6rSoiJqrDxKnA8S6YkCqN844aaZPuRMYPTqEaE=", "last_login": null, "is_superuser": false, "username": "admin1000", "first_name": "", "last_name": "", "email": "", "is_staff": false, "is_active": true, "date_joined": "2020-11-08T20:49:29.645Z", "image": "default.jpg", "interests": null, "birth_date": null, "rating": null, "groups": [], "user_permissions": []}}, {"model": "testify.topic", "pk": 1, "fields": {"name": "Math"}}, {"model": "testify.test", "pk": 1, "fields": {"topic": 1, "title": "Basic Math", "description": "", "level": 0, "image": "covers/840112067567cd0540f36e2f5a574600bb9039656e3f_b.jpg"}}, {"model": "testify.test", "pk": 3, "fields": {"topic": 1, "title": "Basic Math 2", "description": "Basic Math 2 Description", "level": 1, "image": "default.png"}}, {"model": "testify.question", "pk": 1, "fields": {"test": 1, "order_number": 1, "text": "2+2", "description": ""}}, {"model": "testify.question", "pk": 2, "fields": {"test": 1, "order_number": 2, "text": "3+3", "description": ""}}, {"model": "testify.question", "pk": 4, "fields": {"test": 1, "order_number": 3, "text": "4+4", "description": ""}}, {"model": "testify.question", "pk": 8, "fields": {"test": 3, "order_number": 3, "text": "1+1", "description": ""}}, {"model": "testify.question", "pk": 9, "fields": {"test": 3, "order_number": 2, "text": "3+3", "description": ""}}, {"model": "testify.question", "pk": 10, "fields": {"test": 3, "order_number": 1, "text": "0+0", "description": ""}}, {"model": "testify.question", "pk": 11, "fields": {"test": 3, "order_number": 4, "text": "10+10", "description": ""}}, {"model": "testify.answer", "pk": 1, "fields": {"text": "4", "question": 1, "is_correct": true}}, {"model": "testify.answer", "pk": 2, "fields": {"text": "5", "question": 1, "is_correct": false}}, {"model": "testify.answer", "pk": 3, "fields": {"text": "6", "question": 1, "is_correct": false}}, {"model": "testify.answer", "pk": 4, "fields": {"text": "7", "question": 1, "is_correct": false}}, {"model": "testify.answer", "pk": 5, "fields": {"text": "6", "question": 4, "is_correct": false}}, {"model": "testify.answer", "pk": 6, "fields": {"text": "7", "question": 4, "is_correct": false}}, {"model": "testify.answer", "pk": 7, "fields": {"text": "8", "question": 4, "is_correct": true}}, {"model": "testify.answer", "pk": 8, "fields": {"text": "9", "question": 4, "is_correct": false}}, {"model": "testify.answer", "pk": 9, "fields": {"text": "8", "question": 2, "is_correct": false}}, {"model": "testify.answer", "pk": 10, "fields": {"text": "9", "question": 2, "is_correct": false}}, {"model": "testify.answer", "pk": 11, "fields": {"text": "6", "question": 2, "is_correct": true}}, {"model": "testify.answer", "pk": 12, "fields": {"text": "5", "question": 2, "is_correct": false}}, {"model": "testify.answer", "pk": 13, "fields": {"text": "0", "question": 10, "is_correct": true}}, {"model": "testify.answer", "pk": 14, "fields": {"text": "1", "question": 10, "is_correct": false}}, {"model": "testify.answer", "pk": 15, "fields": {"text": "2", "question": 10, "is_correct": false}}, {"model": "testify.answer", "pk": 16, "fields": {"text": "-2", "question": 10, "is_correct": false}}, {"model": "testify.answer", "pk": 17, "fields": {"text": "5", "question": 9, "is_correct": false}}, {"model": "testify.answer", "pk": 18, "fields": {"text": "6", "question": 9, "is_correct": true}}, {"model": "testify.answer", "pk": 19, "fields": {"text": "7", "question": 9, "is_correct": false}}, {"model": "testify.answer", "pk": 20, "fields": {"text": "8", "question": 9, "is_correct": false}}, {"model": "testify.answer", "pk": 21, "fields": {"text": "1", "question": 8, "is_correct": false}}, {"model": "testify.answer", "pk": 22, "fields": {"text": "2", "question": 8, "is_correct": true}}, {"model": "testify.answer", "pk": 23, "fields": {"text": "3", "question": 8, "is_correct": false}}, {"model": "testify.answer", "pk": 24, "fields": {"text": "4", "question": 8, "is_correct": false}}, {"model": "testify.answer", "pk": 25, "fields": {"text": "10", "question": 11, "is_correct": true}}, {"model": "testify.answer", "pk": 26, "fields": {"text": "20", "question": 11, "is_correct": false}}, {"model": "testify.answer", "pk": 27, "fields": {"text": "30", "question": 11, "is_correct": false}}, {"model": "testify.answer", "pk": 28, "fields": {"text": "40", "question": 11, "is_correct": false}}, {"model": "testify.testresult", "pk": 69, "fields": {"create_date": "2020-11-01T18:50:29.701Z", "write_date": "2020-11-01T18:50:51.457Z", "user": 11, "test": 1, "state": 1, "num_correct_answers": 3, "num_incorrect_answers": 0, "current_order_number": 4}}, {"model": "testify.testresult", "pk": 70, "fields": {"create_date": "2020-11-01T18:52:42.699Z", "write_date": "2020-11-01T18:53:04.097Z", "user": 11, "test": 1, "state": 1, "num_correct_answers": 3, "num_incorrect_answers": 0, "current_order_number": 4}}, {"model": "testify.testresult", "pk": 71, "fields": {"create_date": "2020-11-01T18:54:42.081Z", "write_date": "2020-11-01T18:55:03.501Z", "user": 11, "test": 1, "state": 1, "num_correct_answers": 1, "num_incorrect_answers": 2, "current_order_number": 4}}, {"model": "testify.testresult", "pk": 72, "fields": {"create_date": "2020-11-01T18:57:31.029Z", "write_date": "2020-11-01T18:58:01.384Z", "user": 11, "test": 1, "state": 1, "num_correct_answers": 2, "num_incorrect_answers": 1, "current_order_number": 4}}, {"model": "testify.testresult", "pk": 73, "fields": {"create_date": "2020-11-01T19:01:56.572Z", "write_date": "2020-11-01T19:02:19.639Z", "user": 11, "test": 1, "state": 1, "num_correct_answers": 2, "num_incorrect_answers": 1, "current_order_number": 4}}, {"model": "testify.testresult", "pk": 76, "fields": {"create_date": "2020-11-05T21:02:54.630Z", "write_date": "2020-11-05T21:02:54.631Z", "user": 11, "test": 1, "state": 0, "num_correct_answers": 0, "num_incorrect_answers": 0, "current_order_number": 1}}, {"model": "testify.userresponse", "pk": 1, "fields": {"test_result": 73, "question": 1, "user_response": 1}}, {"model": "testify.userresponse", "pk": 2, "fields": {"test_result": 73, "question": 2, "user_response": 10}}, {"model": "testify.userresponse", "pk": 3, "fields": {"test_result": 73, "question": 2, "user_response": 11}}, {"model": "testify.userresponse", "pk": 4, "fields": {"test_result": 73, "question": 4, "user_response": 7}}]